{
  "prepare_queue": {
    "installed": [],
    "uninstalled": []
  },
  "config_munge": {
    "files": {
      "res/xml/config.xml": {
        "parents": {
          "/*": [
            {
              "xml": "<feature name=\"Battery\"><param name=\"android-package\" value=\"org.apache.cordova.batterystatus.BatteryListener\" /></feature>",
              "count": 1
            }
          ]
        }
      }
    }
  },
  "installed_plugins": {
    "cordova-plugin-battery-status": {
      "PACKAGE_NAME": "io.csm3103.Lab3"
    }
  },
  "dependent_plugins": {},
  "modules": [
    {
      "id": "cordova-plugin-battery-status.battery",
      "file": "plugins/cordova-plugin-battery-status/www/battery.js",
      "pluginId": "cordova-plugin-battery-status",
      "clobbers": [
        "navigator.battery"
      ]
    }
  ],
  "plugin_metadata": {
    "cordova-plugin-battery-status": "2.0.3"
  }
}
